Type,Name,ScorePct,X-Platform-Score,
Desktop,AMD Ryzen Threadripper 3970X,(86%),170342,
Desktop,AMD Ryzen 9 7950X,(74%),146549,
Desktop,AMD Ryzen 9 7900X,(58%),114229,
Desktop,AMD Ryzen 9 5950X,(50%),99317,
Desktop,AMD Ryzen 9 3950X,(44%),86556,
Desktop,AMD Ryzen 9 5900X,(41%),81999,
Desktop,AMD Ryzen 7 7700X,(37%),73993,
Desktop,AMD Ryzen 9 3900XT,(34%),67317,
Desktop,AMD Ryzen 9 3900X,(34%),66881,
Desktop,AMD Ryzen 7 5800X,(27%),53159,
Desktop,AMD Ryzen 7 5800X3D,(26%),52038,
Desktop,AMD Ryzen 7 5700X,(26%),51622,
Desktop,Intel Core i9-10900K @ 3.70GHz,(25%),50026,
Desktop,Intel Core i9-11900K @ 3.50GHz,(25%),49325,
Desktop,Intel Core i9-10850K @ 3.60GHz,(25%),49122,
Desktop,Intel Core i7-11700K @ 3.60GHz,(24%),47953,
Laptop,Intel Core i7-11800H @ 2.30GHz,(23%),45370,
Desktop,AMD Ryzen 7 5700G,(23%),45233,
Desktop,AMD Ryzen 7 3800X,(22%),43691,
Desktop,AMD Ryzen 7 3700X,(21%),42914,
Laptop,AMD Ryzen 7 6800H,(21%),41783,
Desktop,AMD Ryzen 5 5600X,(21%),41704,
Desktop,Intel Core i7-11700F @ 2.50GHz,(21%),41615,
Laptop,AMD Ryzen 9 5900HX,(20%),41021,
Desktop,AMD Ryzen 5 5600,(20%),40980,
Desktop,Intel Core i7-10700K @ 3.80GHz,(20%),40037,
Desktop,Intel Core i7-10700KF @ 3.80GHz,(20%),39812,
Laptop,AMD Ryzen 7 5800H,(19%),38804,
Desktop,Intel Core i9-9900KF @ 3.60GHz,(19%),38651,
Desktop,Intel Core i9-9900K @ 3.60GHz,(19%),38479,
Desktop,Intel Core i5-12400F,(18%),37000,
Desktop,Intel Core i5-12400,(18%),36853,
Desktop,Intel Core i5-11600K @ 3.90GHz,(18%),36203,
Desktop,Intel Core i7-10700F @ 2.90GHz,(18%),36131,
iOS,Apple iPad144,(18%),36068,
Desktop,Intel Core i7-10700 @ 2.90GHz,(18%),36047,
Desktop,AMD Ryzen 5 5600G,(18%),35786,
iOS,Apple iPad143,(18%),35720,
iOS,Apple iPad145,(18%),35645,
iOS,Apple iPad146,(18%),35387,
Desktop,AMD Ryzen 5 5500,(17%),35158,
Desktop,AMD Ryzen 5 3600XT,(17%),34768,
Desktop,AMD Ryzen 5 3600X,(17%),33659,
iOS,Apple iPad Pro 12.9 3nd Gen (WiFi 6GB RAM),(16%),33114,
Desktop,AMD Ryzen 7 2700X,(16%),33042,
Desktop,AMD Ryzen 5 3600,(16%),32820,
Laptop,Intel Core i7-10875H @ 2.30GHz,(16%),32580,
Desktop,Intel Core i5-11400F @ 2.60GHz,(16%),32142,
Desktop,Intel Core i5-11400 @ 2.60GHz,(16%),32060,
Laptop,Intel Core i5-11400H @ 2.70GHz,(16%),31791,
iOS,Apple iPad Pro 11.0 3rd Gen (Cellular),(15%),31279,
iOS,Apple iPad Air 5 (WiFi),(15%),31274,
iOS,Apple iPad Pro 12.9 5th Gen (Cellular),(15%),31189,
iOS,Apple iPad Pro 12.9 5th Gen (WiFi),(15%),31185,
Laptop,AMD Ryzen 5 5600H,(15%),31159,
iOS,Apple iPad Pro 11.0 3rd Gen (WiFi),(15%),31080,
Desktop,AMD Ryzen 7 2700,(14%),29193,
iOS,Apple iPad Air 5 (Cellular),(14%),29183,
Desktop,Intel Core i5-10600K @ 4.10GHz,(14%),28745,
Desktop,AMD Ryzen 7 1700,(14%),27446,
Desktop,Intel Core i7-8700K @ 3.70GHz,(13%),27160,
Desktop,Intel Core i7-9700K @ 3.60GHz,(13%),26969,
Desktop,AMD Ryzen 5 2600X,(13%),26756,
Laptop,AMD Ryzen 7 4800H,(13%),26438,
Desktop,Intel Core i3-12100F,(13%),25811,
Desktop,Intel Core i7-8700 @ 3.20GHz,(13%),25750,
Desktop,AMD Ryzen 5 2600,(12%),25302,
Desktop,AMD Ryzen 5 3500X,(12%),25298,
Desktop,Intel Core i7-9700 @ 3.00GHz,(12%),24752,
Desktop,Intel Core i5-10400F @ 2.90GHz,(12%),24636,
Desktop,Intel Core i5-10400 @ 2.90GHz,(12%),24542,
Laptop,Intel Core i7-10750H @ 2.60GHz,(12%),24540,
Desktop,AMD Ryzen 5 1600,(12%),23569,
Android,Google brya,(11%),23151,
iOS,Apple iPhone 14 Pro,(11%),23028,
iOS,Apple iPhone 14 Pro Max,(11%),22957,
Laptop,AMD Ryzen 7 5700U,(11%),22916,
Laptop,Intel Core i7-9750H @ 2.60GHz,(11%),22431,
Android,Samsung SM-S916U,(11%),22139,
Android,OnePlus CPH2451,(11%),21631,
Android,Samsung Galaxy S23 Ultra,(11%),21592,
Laptop,AMD Ryzen 7 4700U,(10%),21503,
Laptop,AMD Ryzen 5 4600H,(10%),21296,
Android,Samsung Galaxy S23,(10%),21260,
Android,OnePlus CPH2449,(10%),21242,
iOS,Apple iPhone 13 Pro Max,(10%),21096,
iOS,Apple iPhone 13 Pro,(10%),21077,
iOS,Apple iPhone 14,(10%),21059,
iOS,Apple iPhone 14 Plus,(10%),20901,
iOS,Apple iPhone SE 3rd Gen,(10%),20748,
iOS,Apple iPhone 13,(10%),20612,
Desktop,Intel Core i5-9600K @ 3.70GHz,(10%),20496,
Desktop,Intel Core i5-9600KF @ 3.70GHz,(10%),20463,
iOS,Apple iPad Mini 6 (WiFi),(10%),20225,
Desktop,AMD Ryzen 3 3100,(10%),19967,
Laptop,Intel Core i7-1185G7 @ 3.00GHz,(10%),19946,
Laptop,AMD Ryzen 5 5500U,(10%),19905,
Android,OPPO Find X2,(10%),19826,
Laptop,Intel Core i7-1165G7 @ 2.80GHz,(10%),19776,
iOS,Apple iPad Pro 11.0 (WiFi 6GB RAM),(10%),19638,
iOS,Apple iPhone 13 Mini,(9%),19492,
Desktop,Intel Core i5-8600K @ 3.60GHz,(9%),19477,
iOS,Apple iPad Mini 6 (Cellular),(9%),19353,
iOS,Apple iPad Pro 12.9 3nd Gen (Cellular 6GB RAM),(9%),19346,
iOS,Apple iPad Pro 11.0 (Cellular 6GB RAM),(9%),19236,
iOS,Apple iPad Pro 12.9 4th Gen (Cellular),(9%),19197,
iOS,Apple iPad Pro 11.0 2nd Gen (Cellular),(9%),19169,
iOS,Apple iPad Pro 12.9 3nd Gen (Cellular),(9%),19106,
iOS,Apple iPad Pro 12.9 4th Gen (WiFi),(9%),19073,
iOS,Apple iPad Pro 11.0 (Cellular),(9%),19014,
iOS,Apple iPad Pro 11.0 (WiFi),(9%),19007,
iOS,Apple iPad Air 4 (WiFi),(9%),18947,
iOS,Apple iPad Air 4 (Cellular),(9%),18925,
iOS,Apple iPad Pro 11.0 2nd Gen (WiFi),(9%),18765,
Laptop,Intel Core i7-8750H @ 2.20GHz,(9%),18752,
iOS,Apple iPad Pro 12.9 3nd Gen (WiFi),(9%),18641,
iOS,Apple iPad1318,(9%),18612,
Laptop,Intel Core i5-1135G7 @ 2.40GHz,(9%),18353,
Desktop,Intel Core i7-7700K @ 4.20GHz,(9%),18230,
iOS,Apple iPhone 12 Pro Max,(9%),18193,
Laptop,AMD Ryzen 5 4500U,(9%),18119,
Android,Nubia NX709S,(9%),18010,
iOS,Apple iPhone 12,(9%),17931,
Desktop,Intel Core i5-9400F @ 2.90GHz,(9%),17927,
iOS,Apple iPhone 12 Pro,(9%),17853,
Android,Samsung SM-F721U,(9%),17732,
Desktop,Intel Core i5-8500 @ 3.00GHz,(9%),17711,
Desktop,Intel Core i5-9400 @ 2.90GHz,(9%),17677,
Desktop,Intel Core i5-8400 @ 2.80GHz,(8%),17501,
Android,Samsung SM-S908N,(8%),17317,
Android,Samsung SM-F936U,(8%),17235,
Android,Samsung SM-F936B,(8%),17107,
Android,Samsung SM-F721B,(8%),17031,
Desktop,Intel Core i7-6700K @ 4.00GHz,(8%),17021,
Desktop,Intel Core i7-4790K @ 4.00GHz,(8%),17017,
Android,motorola edge 30 ultra,(8%),16852,
Android,Asus ASUS_AI2201_C,(8%),16792,
Android,Asus ASUS_AI2202,(8%),16775,
Android,Nubia NX679J,(8%),16701,
Android,Google Pixel 7 Pro,(8%),16577,
Desktop,Intel Core i7-7700 @ 3.60GHz,(8%),16524,
Desktop,Intel Core i5-10300H @ 2.50GHz,(8%),16516,
Android,Lenovo L71061,(8%),16494,
Android,OnePlus CPH2415,(8%),16243,
iOS,Apple iPhone 12 Mini,(8%),16117,
Android,Google Pixel 7,(8%),15998,
Android,Samsung SM-X900,(8%),15839,
Android,Samsung SM-X800,(8%),15818,
iOS,Apple iPad 9 (Cellular),(8%),15767,
Android,OnePlus CPH2417,(8%),15727,
Android,motorola edge 30 pro,(8%),15706,
Android,motorola edge plus (2022),(8%),15692,
Android,Realme RMX3300,(8%),15679,
Desktop,Intel Core i3-10100F @ 3.60GHz,(7%),15668,
Desktop,Intel Core i3-10100 @ 3.60GHz,(7%),15641,
Desktop,Intel Core i7-6700 @ 3.40GHz,(7%),15638,
Android,Samsung SM-S906U1,(7%),15612,
Android,Samsung SM-F936U1,(7%),15565,
Laptop,Intel Core i7-1065G7 @ 1.30GHz,(7%),15515,
Desktop,Intel Core i7-4790 @ 3.60GHz,(7%),15391,
Android,Samsung SM-S906U,(7%),15389,
Android,Google Pixel 6,(7%),15312,
Android,Samsung SM-X906B,(7%),15306,
Android,Xiaomi 22081212UG,(7%),15182,
Desktop,Intel Core i7-4770K @ 3.50GHz,(7%),15181,
Desktop,Intel Core i7-4770 @ 3.40GHz,(7%),15170,
Android,Samsung SM-S906E,(7%),15160,
iOS,Apple iPad 9 (WiFi),(7%),15121,
Android,Samsung SM-S9010,(7%),15112,
Android,Samsung SM-X700,(7%),15039,
Android,Google Pixel 6a,(7%),15025,
Laptop,Intel Core i5-9300H @ 2.40GHz,(7%),15008,
Android,Samsung SM-S9080,(7%),14947,
Android,OnePlus NE2213,(7%),14947,
Android,Samsung SM-S908E,(7%),14939,
Android,Asus ASUS_AI2201_D,(7%),14912,
Android,Samsung SM-S908U1,(7%),14876,
Android,OnePlus NE2210,(7%),14842,
Android,OPPO CPH2305,(7%),14841,
Android,Xiaomi 22041216G,(7%),14747,
Android,Samsung SM-S908W,(7%),14741,
Desktop,AMD FX-8350 Eight-Core,(7%),14721,
Android,Huawei NOH-NX9,(7%),14701,
Android,Sony XQ-BQ42,(7%),14699,
Android,OnePlus NE2211,(7%),14686,
Laptop,Intel Core i5-8300H @ 2.30GHz,(7%),14641,
Android,Google Pixel 6 Pro,(7%),14628,
Android,Samsung SM-S908U,(7%),14604,
Android,Samsung SM-S901E,(7%),14592,
Android,Realme RMX3301,(7%),14578,
Android,Sony SO-51B,(7%),14506,
Android,Sony SOG03,(7%),14319,
Android,OnePlus CPH2419,(7%),14315,
Android,Xiaomi 21121210G,(7%),14293,
Android,Samsung SM-S908B,(7%),14287,
Android,Nubia NX666J,(7%),14192,
Android,Sony XQ-BQ52,(7%),14176,
Android,Samsung SM-S901B,(7%),14134,
iOS,Apple iPhone 11,(7%),14115,
Android,OnePlus NE2215,(7%),14096,
Android,Realme RMX3561,(7%),14063,
Android,Microsoft Surface Duo 2,(7%),14058,
Android,Samsung SM-S901W,(7%),14055,
Android,Asus ASUS_I004D,(7%),14050,
iOS,Apple iPhone SE 2nd Gen,(7%),14042,
Android,Sony XQ-BE42,(7%),13947,
Android,Samsung SM-G996W,(7%),13924,
Android,Lenovo L70081,(7%),13921,
Android,Sony XQ-BC52,(7%),13905,
Android,Samsung SM-F926W,(7%),13884,
Desktop,Intel Core i7-3770K @ 3.50GHz,(7%),13868,
Desktop,Intel Core i7-3770 @ 3.40GHz,(7%),13850,
Android,motorola edge 30 fusion,(7%),13842,
Android,Vivo V2045,(7%),13808,
Android,Vivo I2009,(7%),13801,
Android,Samsung SM-S906B,(7%),13797,
Android,Samsung SM-S901U,(7%),13786,
Android,Samsung SM-G998B,(7%),13755,
Android,Samsung SM-S901U1,(7%),13739,
Android,Xiaomi M2012K11I,(7%),13726,
Android,Samsung SM-G996B,(7%),13725,
Android,Samsung SM-G998U1,(7%),13723,
Android,OnePlus 9,(6%),13712,
Laptop,Intel Core i7-10510U @ 1.80GHz,(6%),13705,
Android,Xiaomi 22071212AG,(6%),13680,
Android,Xiaomi 22041216I,(6%),13638,
Android,Samsung Galaxy S21 5G (Exynos),(6%),13635,
Android,OnePlus 9 Pro,(6%),13583,
Android,Samsung Galaxy S21 5G (Snapdragon),(6%),13558,
Android,Huawei DBY-W09,(6%),13543,
Android,Sony XQ-BC72,(6%),13525,
Desktop,AMD Ryzen 5 3400G,(6%),13517,
Laptop,Intel Core i7-6820HQ @ 2.70GHz,(6%),13512,
Android,Samsung SM-G996U1,(6%),13468,
Android,Samsung SM-G998U,(6%),13467,
Android,Samsung SM-F711B,(6%),13457,
Android,Asus ASUS_I006D,(6%),13456,
Android,Motorola moto g200 5G,(6%),13440,
Android,Xiaomi 2201123G,(6%),13432,
Android,Samsung SM-G990E,(6%),13392,
Android,Samsung SM-F926U1,(6%),13351,
Android,Lenovo YT-K606F,(6%),13342,
Desktop,AMD FX-8320 Eight-Core,(6%),13335,
Android,Vivo iQOO 3 5G,(6%),13332,
Android,Samsung SM-G960N,(6%),13252,
Android,Vivo I2202,(6%),13252,
Android,Vivo I2012,(6%),13227,
Android,Samsung SM-F926B,(6%),13220,
Android,Nubia NX669J,(6%),13208,
Android,OnePlus LE2100,(6%),13200,
Android,Samsung SM-F711U,(6%),13198,
Android,Xiaomi M2012K11C,(6%),13174,
Android,Samsung SM-F926U,(6%),13168,
Android,Xiaomi M2011K2C,(6%),13162,
Android,Samsung SM-G996U,(6%),13158,
Android,Samsung SM-G990U,(6%),13156,
Android,Samsung SM-G998W,(6%),13131,
Android,LGE LM-V600,(6%),13115,
Android,Motorola XT2125-4,(6%),13113,
Android,Lenovo TB-J716F,(6%),13088,
Android,SHARP AQUOS R5G,(6%),13050,
Android,Samsung SM-G990W,(6%),13027,
Android,Samsung Galaxy Tab S7 5G,(6%),12992,
Android,OPPO CPH2173,(6%),12985,
Android,motorola edge 20 pro,(6%),12967,
iOS,Apple iPhone 11 Pro Max,(6%),12963,
Android,Samsung SM-F711U1,(6%),12958,
Android,Motorola Edge Plus,(6%),12911,
iOS,Apple iPhone 11 Pro,(6%),12911,
Android,Xiaomi M2012K11G,(6%),12908,
Laptop,Intel Core i5-1035G1 @ 1.00GHz,(6%),12889,
Android,Samsung SM-T975,(6%),12874,
Android,Samsung Galaxy Tab S7,(6%),12865,
Android,Xiaomi 2107113SG,(6%),12852,
Desktop,Intel Core i3-9100F @ 3.60GHz,(6%),12852,
Android,Asus ASUS_I005DA,(6%),12852,
Android,Xiaomi 2201122G,(6%),12826,
Android,OnePlus CPH2399,(6%),12804,
Android,Samsung SM-G990B2,(6%),12788,
Android,Asus ASUS_I005DC,(6%),12778,
Android,OnePlus 8T+ 5G,(6%),12772,
Android,OnePlus 8 5G,(6%),12760,
Android,Sony XQ-BE52,(6%),12759,
Android,Xiaomi M2011K2G,(6%),12747,
Android,OnePlus MT2111,(6%),12743,
Android,Xiaomi M2102K1G,(6%),12732,
Laptop,Intel Core i7-8650U @ 1.90GHz,(6%),12721,
Android,Asus ROG Phone 3,(6%),12712,
Android,Blackshark SHARK KLE-H0,(6%),12706,
Desktop,AMD Ryzen 5 2400G,(6%),12689,
Laptop,Intel Core i7-7700HQ @ 2.80GHz,(6%),12688,
Android,Samsung Galaxy S20 Plus 5G (Exynos),(6%),12687,
Android,Nubia Red Magic 5G,(6%),12674,
Laptop,Intel Core i7-8565U @ 1.80GHz,(6%),12669,
Android,Samsung Galaxy Tab S7+,(6%),12667,
Android,OnePlus 8,(6%),12665,
Android,Samsung Galaxy Z Fold2,(6%),12664,
Android,Xiaomi POCO F2 Pro,(6%),12663,
Android,Samsung SM-G9980,(6%),12661,
Android,Xiaomi M2012K11AC,(6%),12653,
Android,Samsung Galaxy Note20 5G (Exynos),(6%),12648,
Android,Motorola moto g(100),(6%),12646,
Android,Samsung Galaxy S20 Plus (Exynos),(6%),12637,
Android,Realme RMX2202,(6%),12625,
Android,Samsung SM-G990B,(6%),12624,
Android,Samsung Galaxy Note 20 Ultra 5G (Snapdragon),(6%),12623,
Android,OnePlus 8T,(6%),12619,
iOS,Apple iPad Mini 5 (Cellular),(6%),12609,
Android,Samsung Galaxy S20 Ultra 5G (Exynos),(6%),12590,
Android,Samsung SM-T970,(6%),12581,
Android,Samsung Galaxy S20 5G (Exynos),(6%),12578,
Android,Lenovo TB-Q706F,(6%),12569,
iOS,Apple iPad Air 3 (Cellular),(6%),12562,
Desktop,Intel Core i5-4690K @ 3.50GHz,(6%),12531,
Android,Samsung Galaxy S20 Plus 5G (Snapdragon),(6%),12510,
Android,Samsung Galaxy Note20 5G (Snapdragon),(6%),12509,
Android,Samsung Galaxy S20 FE 5G (Snapdragon),(6%),12505,
Android,Samsung SM-N985F,(6%),12505,
Android,OnePlus 8 Pro,(6%),12501,
Android,Xiaomi 21081111RG,(6%),12462,
Android,Realme X50 Pro 5G,(6%),12458,
Android,Xiaomi Mi 10T Pro 5G (Various Models),(6%),12442,
Android,Samsung SM-G780G,(6%),12427,
Android,Realme RMX3311,(6%),12399,
Android,LENOVO TB132FU,(6%),12378,
Desktop,Intel Core i5-6600K @ 3.50GHz,(6%),12354,
Android,OnePlus DN2103,(6%),12351,
Android,Xiaomi M2102K1C,(6%),12329,
Android,Xiaomi 22021211RG,(6%),12329,
Android,Samsung Galaxy S20 5G (Snapdragon),(6%),12327,
Android,Samsung SM-G998N,(6%),12324,
Android,Xiaomi M2102K1AC,(6%),12323,
Android,Samsung SM-G990U1,(6%),12312,
Android,OPPO Find X2 Pro,(6%),12299,
iOS,Apple iPad 8 (Cellular),(6%),12282,
Android,Samsung Galaxy Note 20 Ultra 5G (Exynos),(6%),12266,
Android,Samsung SM-T976B,(6%),12264,
iOS,Apple iPad 8 (WiFi),(6%),12262,
iOS,Apple iPad Air 3 (WiFi),(6%),12250,
iOS,Apple iPad Mini 5 (WiFi),(6%),12237,
Android,Asus ZenFone 7,(6%),12220,
Android,OPPO CPH2249,(6%),12207,
Android,Samsung Galaxy S20 Ultra 5G (Snapdragon),(6%),12184,
Android,Xiaomi M2012K11AG,(6%),12179,
Laptop,Intel Core i7-8550U @ 1.80GHz,(6%),12164,
Android,Samsung Galaxy S20 (Exynos),(6%),12156,
Android,Asus ASUS_I005D,(6%),12144,
Android,Xiaomi M2012K11AI,(6%),12126,
Android,Samsung SM-G780F,(6%),12113,
Android,OnePlus LE2101,(6%),12110,
Android,OPPO CPH2247,(6%),12068,
Android,Samsung SM-N980F,(6%),12034,
Android,Xiaomi IN2023,(6%),12010,
Android,Google volteer,(6%),11969,
Laptop,Intel Core i7-6700HQ @ 2.60GHz,(6%),11966,
Android,OPPO CPH2207,(6%),11949,
Android,Xiaomi 2112123AG,(6%),11928,
Android,Sony Xperia 1 II,(6%),11926,
Laptop,Intel Core i5-10210U @ 1.60GHz,(6%),11922,
Android,Xiaomi Mi 10,(6%),11911,
Android,Realme RMX3370,(6%),11890,
Android,Realme RMX3031,(6%),11876,
Desktop,Intel Core i5-4590 @ 3.30GHz,(6%),11874,
Laptop,AMD Ryzen 7 3750H,(6%),11869,
Android,Vivo I1927,(6%),11832,
Desktop,Intel Core i3-8100 @ 3.60GHz,(6%),11789,
Laptop,Intel Core i5-8350U @ 1.70GHz,(6%),11782,
iOS,Apple iPhone XS,(5%),11705,
Desktop,AMD Ryzen 3 3200G,(5%),11698,
Desktop,Intel Core i7-2600K @ 3.40GHz,(5%),11672,
Android,Sony Xperia 5 II,(5%),11636,
Android,Xiaomi M2104K10I,(5%),11622,
Desktop,Intel Core i5-4570 @ 3.20GHz,(5%),11599,
Android,LGE LM-V600V,(5%),11594,
Android,Xiaomi 22021211RI,(5%),11573,
Android,Vivo V2105,(5%),11552,
Desktop,Intel Core i5-7500 @ 3.40GHz,(5%),11527,
iOS,Apple iPhone XR,(5%),11499,
Android,Xiaomi 21061110AG,(5%),11484,
iOS,Apple iPhone XS Max,(5%),11475,
Android,Vivo I2019,(5%),11473,
Laptop,Intel Core i5-8265U @ 1.60GHz,(5%),11463,
Desktop,Intel Core i5-3570K @ 3.40GHz,(5%),11446,
Android,Huawei JAD-LX9,(5%),11431,
Desktop,Intel Core i7-2600 @ 3.40GHz,(5%),11415,
Android,Realme RMX2076,(5%),11405,
Laptop,AMD Ryzen 5 3550H,(5%),11384,
Desktop,Intel Core i5-3570 @ 3.40GHz,(5%),11234,
Android,OnePlus DN2101,(5%),11189,
Desktop,AMD Ryzen 3 2200G,(5%),11161,
Laptop,Intel Core i5-8250U @ 1.60GHz,(5%),11150,
Android,Huawei P40,(5%),11125,
Android,Xiaomi M2104K10AC,(5%),11086,
Android,Xiaomi M2012K10C,(5%),11044,
Desktop,Intel Core i5-6500 @ 3.20GHz,(5%),11020,
Android,Asus ROG Phone II,(5%),10943,
Android,Blackshark SHARK PRS-H0,(5%),10935,
Laptop,Intel Core i7-3630QM @ 2.40GHz,(5%),10929,
Laptop,Intel Core i3-1115G4 @ 3.00GHz,(5%),10913,
Desktop,Intel Core i5-4460 @ 3.20GHz,(5%),10866,
Android,Xiaomi Mi 10 Pro,(5%),10838,
Android,Samsung Galaxy Note 10 Plus (Exynos),(5%),10817,
Android,Samsung Galaxy Note 10 (Exynos),(5%),10804,
Android,Samsung Galaxy S10e (Exynos),(5%),10764,
Android,Samsung Galaxy S10 Plus (Exynos),(5%),10751,
Android,Huawei VRD-W10,(5%),10744,
Desktop,Intel Core i5-3470 @ 3.20GHz,(5%),10728,
Desktop,Intel Core i5-7400 @ 3.00GHz,(5%),10703,
Android,Samsung SM-T575,(5%),10584,
Android,Realme RMX2121,(5%),10577,
Android,Samsung Galaxy S10 5G (Exynos),(5%),10556,
Android,Xiaomi Mi MIX 3 5G,(5%),10528,
Android,LGE LM-V510N,(5%),10520,
Android,Samsung SCV42,(5%),10497,
Desktop,AMD FX-6300 Six-Core,(5%),10467,
Android,Huawei HW-02L,(5%),10447,
Android,Samsung Galaxy S10 (Exynos),(5%),10445,
iOS,Apple iPhone 8 Plus,(5%),10439,
Android,Huawei P40 Pro,(5%),10433,
Android,Samsung Galaxy Note 10 Plus 5G (Exynos),(5%),10410,
Android,Huawei EVR-L29,(5%),10391,
Laptop,AMD Ryzen 5 3500U,(5%),10383,
Android,Samsung Galaxy Note 10 5G (Exynos),(5%),10330,
Android,Sony J9260,(5%),10330,
Android,Samsung SM-M625F,(5%),10314,
iOS,Apple iPhone X,(5%),10260,
Android,Samsung Galaxy Tab S6 10.5 (2019),(5%),10253,
Android,Huawei P30 Pro,(5%),10223,
Android,OPPO CPH2201,(5%),10188,
Android,Samsung Galaxy S10e (Snapdragon),(5%),10176,
Desktop,Intel Core i5-6400 @ 2.70GHz,(5%),10174,
Android,LGE LM-G900TM,(5%),10167,
Android,Xiaomi Redmi K20 Pro Premium Edition,(5%),10154,
Android,Huawei ELE-L04,(5%),10150,
Android,OnePlus 7 Pro 5G,(5%),10138,
Android,Samsung Galaxy S10 Plus (Snapdragon),(5%),10135,
iOS,Apple iPhone 8,(5%),10129,
Android,Huawei Honor View 20,(5%),10111,
Android,LGE G8 ThinQ,(5%),10084,
Android,OPPO CPH1921,(5%),10072,
Android,Sony Xperia 1,(5%),10059,
Android,OnePlus 7T,(5%),10006,
Android,Huawei Mate 20 Pro (Various Models),(5%),9946,
Android,OnePlus 7T Pro,(5%),9929,
Android,Xiaomi M2007J1SC,(5%),9911,
Android,Sony J9210,(5%),9909,
Laptop,Intel Core i5-7300HQ @ 2.50GHz,(5%),9894,
Android,Samsung Galaxy S10 Lite (Snapdragon),(5%),9889,
Android,Huawei VOG-AL10,(5%),9882,
Android,Samsung Galaxy Note 10 Plus 5G (Snapdragon),(5%),9857,
Android,Asus ROG Phone,(5%),9833,
Android,Huawei LYA-AL00,(5%),9833,
Android,Xiaomi MI 9,(5%),9827,
Android,Huawei P30,(5%),9826,
Android,Microsoft Surface Duo,(5%),9797,
Android,Samsung Galaxy S10 (Snapdragon),(4%),9787,
Android,Asus ZenFone 6,(4%),9766,
Android,Samsung Galaxy Note 10 Plus (Snapdragon),(4%),9732,
Android,Huawei Mate 20,(4%),9722,
Android,Xiaomi Mi 9T Pro,(4%),9722,
Android,Samsung SM-A528N,(4%),9713,
Android,Xiaomi M2102J20SG,(4%),9709,
Android,Samsung Galaxy S9+ (Exynos),(4%),9706,
Android,Huawei Honor 20 Pro,(4%),9706,
Android,LGE LM-G850,(4%),9700,
Android,Google Pixel 4 XL,(4%),9670,
Android,Samsung Galaxy Note 9 (Exynos),(4%),9667,
Android,OnePlus 7 Pro,(4%),9662,
Android,Nothing A063,(4%),9658,
Android,Vivo I2018,(4%),9625,
Android,Samsung SM-T733,(4%),9615,
Android,Xiaomi 21051182G,(4%),9590,
Android,OnePlus 7T Pro 5G,(4%),9588,
Android,LGE LM-V500N,(4%),9586,
Android,OnePlus 7,(4%),9559,
Android,Samsung SM-F700F,(4%),9557,
Android,HONOR NTH-NX9,(4%),9554,
Android,motorola edge 30,(4%),9500,
Android,Google Pixel 4,(4%),9493,
Android,Lenovo L78032,(4%),9483,
Android,Realme RMX2086,(4%),9463,
Android,LGE LM-V450,(4%),9457,
Android,Huawei YAL-L21,(4%),9429,
Android,Google Pixel 5,(4%),9409,
Desktop,Intel Core i5-2500K @ 3.30GHz,(4%),9397,
Android,Samsung Galaxy S9 (Exynos),(4%),9393,
Android,Nubia Red Magic 3,(4%),9376,
Android,Samsung Galaxy Note 10 (Snapdragon),(4%),9358,
Desktop,Intel Core i5-2500 @ 3.30GHz,(4%),9349,
Android,Samsung SM-A528B,(4%),9322,
Android,Xiaomi M2101K9G,(4%),9319,
Android,Xiaomi M2102J20SI,(4%),9299,
Android,LGE LM-G910,(4%),9287,
Android,Sony H8166,(4%),9286,
Android,motorola edge (2021),(4%),9284,
Android,Asus ZenFone 5Z,(4%),9271,
Android,Razer Phone 2,(4%),9211,
Android,Samsung Galaxy A90 5G,(4%),9183,
Android,Vivo 1805,(4%),9173,
Android,motorola edge 5G UW (2021),(4%),9154,
Android,Xiaomi Mi MIX 3,(4%),9153,
Android,Sony H8324,(4%),9144,
Android,Sony Xperia XZ2 Premium,(4%),9143,
Android,Sony H8416,(4%),9126,
Android,motorola edge 20,(4%),9105,
Android,Samsung SM-M526B,(4%),9097,
Android,Xiaomi M2101K9R,(4%),9095,
Android,Vivo V1914A,(4%),9091,
Android,Xiaomi Redmi K20 Pro,(4%),9068,
Android,Realme RMX3360,(4%),9060,
Android,Samsung Galaxy Note 10 Lite (Exynos),(4%),9051,
Android,Sony H8314,(4%),9049,
Android,Xiaomi 2109119DG,(4%),9016,
Android,Lenovo Z6 Pro,(4%),8999,
Android,HMD Global Nokia 9,(4%),8993,
Android,Samsung SM-E625F,(4%),8968,
Android,Samsung SM-M526BR,(4%),8958,
Android,Sony SO-01L,(4%),8954,
Android,Samsung SM-A736B,(4%),8953,
Android,Sony Xperia XZ2 Compact,(4%),8951,
Android,Sony SOV37,(4%),8929,
Android,Ulefone Armor 10 5G,(4%),8905,
Android,Google asurada,(4%),8895,
Android,Ulefone Armor 11 5G,(4%),8881,
Android,Ulefone Armor 11T 5G,(4%),8831,
Desktop,Intel Core i5-2400 @ 3.10GHz,(4%),8820,
Android,Google Pixel 3 XL,(4%),8807,
Android,OnePlus 6T,(4%),8795,
Android,Realme RMX3363,(4%),8792,
Android,Blackview BL6000Pro,(4%),8786,
Android,OnePlus 6,(4%),8772,
Android,LGE LM-V350,(4%),8761,
Android,Xiaomi 2109119DI,(4%),8703,
Android,Realme RMX3393,(4%),8637,
Android,SHARP 706SH,(4%),8630,
Android,HTC U12+,(4%),8613,
Android,Sony 801SO,(4%),8601,
Android,Samsung Galaxy S9+ (Snapdragon),(4%),8593,
Android,OnePlus 5 (A5000),(4%),8587,
Android,Samsung Galaxy Note 9 (Snapdragon),(4%),8580,
Android,LGE LM-G810,(4%),8547,
Android,LGE LM-V405,(4%),8530,
Android,UMIDIGI RP02,(4%),8503,
Android,Realme RMX2085,(4%),8493,
Android,Realme RMX3461,(4%),8485,
Android,Huawei EVR-N29,(4%),8473,
iOS,Apple iPad Pro 12.9 2nd Gen (Cellular),(4%),8447,
Android,OPPO CPH2065,(4%),8441,
Android,Realme X2 Pro,(4%),8441,
Android,OPPO CPH2371,(4%),8430,
Android,Google nami,(4%),8404,
Android,LGE LM-G710,(4%),8395,
Android,Xiaomi GM1917,(4%),8382,
Android,Google Pixel 3,(4%),8376,
Android,Blackshark SKW-H0,(4%),8361,
Android,Sony Xperia XZ2,(4%),8352,
iOS,Apple iPad Pro 10.5 (Cellular),(4%),8351,
Android,OPPO CPH2251,(4%),8315,
iOS,Apple iPad Pro 10.5 (WiFi),(4%),8309,
iOS,Apple iPad Pro 12.9 2nd Gen (WiFi),(4%),8279,
Android,Xiaomi MI 8,(4%),8269,
Android,Xiaomi 21091116UG,(4%),8264,
Laptop,Intel Core i3-1005G1 @ 1.20GHz,(4%),8241,
Android,OnePlus IV2201,(4%),8184,
Android,Samsung SM-G973N,(4%),8182,
Android,Samsung Galaxy S9 (Snapdragon),(4%),8182,
Android,Xiaomi POCOPHONE F1,(4%),8052,
Android,Realme RMX3392,(4%),8003,
Android,Xiaomi Mi MIX 2S,(4%),7965,
Android,SHARP SHV42,(4%),7914,
Android,TCL T767H,(4%),7900,
Android,Xiaomi NX619J,(4%),7879,
Android,motorola edge 20 fusion,(4%),7849,
Android,OPPO CPH2211,(3%),7826,
Android,Samsung SM-A536U1,(3%),7824,
Android,Ulefone Armor 12 5G,(3%),7820,
Android,Wingtech TMAF035G,(3%),7805,
Android,Vivo V2050,(3%),7733,
Android,Wheatek WP15,(3%),7728,
Android,Xiaomi 22071219CG,(3%),7714,
Android,Wingtech REVVL V+ 5G,(3%),7711,
Android,Xiaomi 21091116AG,(3%),7710,
Android,Samsung SM-A516U,(3%),7681,
Android,Xiaomi M2007J22G,(3%),7680,
Android,Realme RMX2111,(3%),7664,
Android,Samsung SM-A536E,(3%),7649,
Android,Xiaomi M2103K19PI,(3%),7577,
Android,UMIDIGI S5 Pro,(3%),7574,
Android,Samsung SM-T736B,(3%),7572,
Android,Huawei BAH3-W09,(3%),7566,
Android,DOOGEE V10,(3%),7545,
Android,Motorola moto g(60)s,(3%),7522,
Android,Lenovo TB-J616F,(3%),7501,
Android,Xiaomi M2103K19G,(3%),7498,
Android,Realme RMX3241,(3%),7480,
Android,Razer Phone,(3%),7473,
Android,Samsung SM-A226B,(3%),7464,
Android,Google hatch,(3%),7462,
Android,Lenovo YT-J706F,(3%),7462,
Android,LGE LM-G710VM,(3%),7457,
Android,Realme RMX3472,(3%),7443,
Android,Sony XQ-CC54,(3%),7436,
Android,Realme RMX2117,(3%),7433,
Android,Motorola moto g82 5G,(3%),7418,
Android,Lenovo TB-J607Z,(3%),7417,
Android,Samsung SM-G965N,(3%),7417,
Android,Realme RMX3092,(3%),7412,
Android,Realme RMX3286,(3%),7404,
Android,Realme RMX3471,(3%),7392,
Android,Google Pixel 5a,(3%),7390,
Android,Motorola moto g stylus 5G (2022),(3%),7389,
Android,Infinix X670,(3%),7382,
Android,Samsung SM-A536U,(3%),7375,
Android,Samsung SM-A536B,(3%),7349,
Android,UMIDIGI BISON GT,(3%),7329,
Android,Xiaomi 2201117PG,(3%),7325,
Android,Xiaomi 2201117SY,(3%),7317,
Android,Ulefone Power Armor 13,(3%),7313,
Android,Wingtech WTCELERO5G,(3%),7295,
Android,Realme RMX2156,(3%),7282,
Android,OPPO CPH2359,(3%),7280,
Desktop,Intel Core i3-6100 @ 3.70GHz,(3%),7274,
Android,Samsung Galaxy Note 8 (Exynos),(3%),7259,
Android,Vivo I2011,(3%),7255,
Android,Xiaomi M2101K7BNY,(3%),7250,
Android,Samsung Galaxy A71 5G (Exynos),(3%),7247,
Android,Samsung SM-A326B,(3%),7235,
Android,LGE LM-G900,(3%),7232,
Android,Realme RMX2151,(3%),7215,
Android,Huawei SHT-W09,(3%),7215,
Android,FIH EC211001,(3%),7215,
Android,Xiaomi Redmi Note 8 Pro,(3%),7204,
Android,Samsung SM-A426B,(3%),7193,
Android,UMIDIGI RP03,(3%),7190,
Android,Samsung SM-A426U,(3%),7186,
Android,Motorola moto g 5G (2022),(3%),7184,
Android,Xiaomi 2201116PG,(3%),7181,
Android,HMD Global Nokia 8.3 5G,(3%),7180,
Android,Samsung SM-A336B,(3%),7170,
Android,Xiaomi M2103K19PG,(3%),7161,
Android,OPPO CPH2343,(3%),7155,
Android,Xiaomi 2201117SG,(3%),7149,
Android,Realme RMX2002,(3%),7145,
Android,TCL T790W,(3%),7136,
Android,Google Pixel 4a (5G),(3%),7133,
Android,TCL T790S,(3%),7131,
Android,Vivo V2126,(3%),7122,
Android,Xiaomi 21091116I,(3%),7117,
Android,Realme RMX3085,(3%),7117,
Android,Samsung Galaxy S8+ (Exynos),(3%),7115,
Android,Huawei BAH3-W59,(3%),7113,
Android,OnePlus 5T (A5010),(3%),7113,
Android,Samsung SM-M326B,(3%),7109,
Android,Fairphone FP4,(3%),7107,
Android,LGE LM-G900N,(3%),7096,
Android,motorola edge 20 lite,(3%),7089,
Android,Huawei MAR-AL00,(3%),7085,
Android,Xiaomi 21091116AI,(3%),7081,
Android,TCL T810S,(3%),7081,
Android,Huawei JNY-LX2,(3%),7074,
Android,Samsung SM-A716U1,(3%),7056,
Android,Huawei Mate 9 (Various Models),(3%),7044,
Android,Samsung SM-A716V,(3%),7033,
Android,Samsung Galaxy S8 (Various Models),(3%),7026,
Android,Motorola moto g 5G,(3%),7026,
Android,Samsung SM-A326U,(3%),7026,
Android,Realme RMX3381,(3%),7010,
Android,Samsung SM-A526B,(3%),7002,
Android,Xiaomi M2002J9G,(3%),6998,
Android,Realme RMX2155,(3%),6996,
Android,DOOGEE S96Pro,(3%),6989,
Android,Huawei EML-L09,(3%),6989,
Android,Xiaomi M2007J17G,(3%),6980,
Android,Sony Xperia XZ1 Compact,(3%),6977,
Android,motorola one 5G ace,(3%),6971,
Android,Xiaomi M2101K7BI,(3%),6963,
Android,Huawei P10 (Various Models),(3%),6940,
Android,Realme RMX2161,(3%),6940,
Android,motorola edge,(3%),6936,
Android,Xiaomi POCO F1,(3%),6935,
Android,Samsung SM-A336E,(3%),6928,
Android,Huawei COR-AL00,(3%),6920,
Android,Huawei MediaPad M3 (Various Models),(3%),6916,
Android,Samsung SM-A426U1,(3%),6916,
Android,Xiaomi M2101K7BL,(3%),6899,
Android,Huawei Honor 9,(3%),6897,
Android,Xiaomi 2201117PI,(3%),6891,
Android,Xiaomi 2201116SG,(3%),6881,
Android,OnePlus AC2003,(3%),6880,
Android,Realme RMX2001,(3%),6874,
Android,Huawei JNY-LX1,(3%),6867,
Android,Motorola moto g 5G plus,(3%),6855,
Android,Xiaomi Mi MIX 2,(3%),6848,
Android,Samsung SM-A526W,(3%),6848,
Android,OnePlus AC2001,(3%),6842,
Android,Samsung SM-E236B,(3%),6841,
Laptop,Intel Core i7-7500U @ 2.70GHz,(3%),6840,
Android,Realme RMX3242,(3%),6830,
Android,Xiaomi M2101K7BG,(3%),6817,
Android,OnePlus GN2200,(3%),6792,
Android,OnePlus EB2101,(3%),6778,
Android,OnePlus EB2103,(3%),6777,
Android,LGE LM-K920,(3%),6762,
Android,Xiaomi 22081283G,(3%),6752,
Android,Huawei Mate 10 (Various Models),(3%),6744,
Android,Huawei CLT-L29,(3%),6732,
Android,Samsung SM-A526U,(3%),6726,
Android,TCL T790Y,(3%),6719,
Android,Huawei Mate 10 Pro (Various Models),(3%),6715,
Android,OPPO Find X2 Lite,(3%),6708,
Android,Motorola moto g51 5G,(3%),6706,
Android,Huawei P20,(3%),6684,
Android,OnePlus BE2029,(3%),6682,
Android,Sony Xperia XZ1,(3%),6682,
Android,OPPO CPH2091,(3%),6676,
Android,Huawei CLT-L04,(3%),6675,
Android,Motorola moto g71 5G,(3%),6669,
Android,HMD Global Nokia 8 (Various Models),(3%),6666,
Android,OnePlus BE2026,(3%),6646,
Android,Samsung SM-M236B,(3%),6623,
Android,Blackview BV9900Pro,(3%),6617,
Android,Samsung Galaxy Note 8 (Snapdragon),(3%),6612,
Android,Samsung Galaxy Tab S4 10.5 (2018),(3%),6603,
Laptop,Intel Core i5-7300U @ 2.60GHz,(3%),6602,
Android,Xiaomi MI 6,(3%),6601,
Android,Xiaomi Mi Note 10 Pro,(3%),6595,
Android,HXY RP04,(3%),6594,
Android,Xiaomi M2007J17I,(3%),6588,
Android,LGE LG-US998,(3%),6585,
Android,OPPO CPH2145,(3%),6578,
Android,Realme RMX3151,(3%),6569,
Android,Huawei CMR-W09,(3%),6567,
Android,OPPO CPH2089,(3%),6562,
Android,Huawei CLT-L09,(3%),6553,
Android,Huawei CMR-AL09,(3%),6550,
Android,Huawei Honor 8 (Various Models),(3%),6549,
Android,HTC U11,(3%),6537,
Android,Xiaomi Redmi K30 5G,(3%),6530,
Android,OnePlus BE2028,(3%),6514,
Android,Samsung SM-M336BU,(3%),6514,
Android,Gm aegean,(3%),6507,
Android,Vivo V2059,(3%),6505,
Android,Huawei P10 Plus (Various Models),(3%),6503,
Android,Samsung Galaxy S8 Active (Various Models),(3%),6481,
Android,Motorola moto g stylus 5G,(3%),6478,
Android,AGM Glory G1,(3%),6476,
Android,Motorola Moto Z (2),(3%),6456,
Android,Google trogdor,(3%),6452,
Android,OPPO Find X2 Neo,(3%),6451,
Android,Huawei BKL-L09,(3%),6451,
Android,Motorola one 5G UW,(3%),6445,
Android,OnePlus BE2025,(3%),6445,
Android,motorola razr (2020),(3%),6429,
Android,SHARP SH-41A,(3%),6425,
Android,Google Pixel 4a,(3%),6423,
Android,HMD Global Nokia G50,(3%),6420,
Android,OPPO Reno Z,(3%),6387,
Android,HMD Global Nokia XR20,(3%),6383,
Android,Realme RMX2144,(3%),6373,
Android,Vivo V2025,(3%),6356,
Android,Lenovo TB-J706L,(3%),6351,
Android,OPPO CPH2197,(3%),6335,
Android,Sony Xperia XZ Premium (Various Models),(3%),6334,
Android,Huawei Honor Play,(3%),6332,
Android,OPPO CPH2205,(3%),6325,
Android,HMD Global Nokia X20,(3%),6313,
Android,Sony G8342,(3%),6304,
Android,OPPO CPH2285,(3%),6298,
Android,HMD Global TA-1004,(3%),6294,
Android,SHARP SH-RM15,(3%),6293,
Android,LGE LM-F100,(3%),6283,
Android,Google Pixel 2 XL,(3%),6266,
Android,Samsung SM-G935S,(3%),6262,
Android,Samsung SM-A805F,(3%),6261,
Android,OPPO Reno2,(3%),6259,
Android,Samsung Galaxy S8+ (Snapdragon),(3%),6246,
Android,Xiaomi Redmi K20,(3%),6216,
Android,Innotek GmbH VirtualBox,(3%),6207,
Android,Xiaomi Redmi Note 10 Lite,(3%),6202,
Android,OPPO CPH2235,(3%),6195,
Android,Xiaomi M2103K19C,(3%),6185,
Android,Samsung SM-A525M,(3%),6180,
Android,Xiaomi Mi 9T,(3%),6179,
Android,Vivo 1919,(3%),6165,
Android,LGE LG-H930,(3%),6161,
Android,Google Pixel 2,(3%),6155,
Android,Xiaomi M2101K9AG,(3%),6152,
Android,LGE LM-Q620,(3%),6147,
Android,Sony Xperia 10 III,(3%),6147,
Android,Samsung SM-M515F,(3%),6145,
Android,Samsung SM-A715W,(3%),6143,
Android,OPPO Reno2 Z,(3%),6135,
Android,Samsung SM-A525F,(3%),6133,
Android,Xiaomi M2007J20CG,(3%),6132,
Android,Samsung SM-A725F,(3%),6130,
Android,Xiaomi Redmi Note 9 Pro,(3%),6128,
Laptop,Intel Core i5-7200U @ 2.50GHz,(3%),6123,
Android,Xiaomi M2101K6G,(3%),6104,
Android,Huawei COL-L29,(3%),6089,
Android,Xiaomi M2101K6R,(3%),6081,
Laptop,Intel Core i7-6500U @ 2.50GHz,(3%),6075,
Android,Samsung Galaxy A71,(3%),6063,
Android,Samsung SM-N935F,(3%),6062,
Android,OPPO CPH2195,(3%),6059,
Android,Motorola moto g(50),(3%),6051,
Android,Lenovo TB-J706F,(3%),6045,
Android,Motorola moto g stylus (2021),(3%),6027,
Android,Sony 701SO,(3%),6017,
Android,HMD Global Nokia X100,(3%),6015,
Android,Xiaomi Redmi Note 9S,(3%),6010,
Android,Motorola one fusion+,(3%),6008,
Android,Realme RMX2170,(3%),5966,
Android,Xiaomi Mi Note 10,(3%),5958,
Android,Xiaomi Mi Note 10 Lite,(3%),5956,
Android,OPPO CPH2119,(3%),5951,
Android,Realme RMX2061,(3%),5950,
Android,Xiaomi M2007J20CI,(3%),5949,
Android,TCL T799H,(3%),5926,
Android,HMD Global Nokia 7 plus,(3%),5922,
Android,Xiaomi MI PAD 4 PLUS,(3%),5920,
Android,Samsung SM-P613,(3%),5904,
Android,Xiaomi Redmi Note 9 Pro Max,(3%),5903,
Android,Vivo 1933,(3%),5901,
Android,OPPO CPH2159,(3%),5889,
Laptop,Intel Core i5-6300U @ 2.40GHz,(3%),5887,
Android,Realme RMX3081,(2%),5871,
Android,Xiaomi 2201116PI,(2%),5869,
Android,Realme RMX2063,(2%),5857,
Android,Samsung SM-A725M,(2%),5851,
Android,OnePlus DE2118,(2%),5839,
Android,Motorola moto g(9) plus,(2%),5834,
Android,Vivo 1818,(2%),5831,
Android,OPPO CPH2203,(2%),5818,
Android,Samsung SM-A225M,(2%),5811,
Android,Xiaomi MI PAD 4,(2%),5807,
Android,OPPO CPH1983,(2%),5807,
Android,Motorola moto g42,(2%),5804,
Android,OnePlus 3T (Various Models),(2%),5802,
Android,motorola one hyper,(2%),5792,
Android,Realme RMP2103,(2%),5792,
Android,OnePlus DE2117,(2%),5787,
Android,Xiaomi POCO M2 Pro,(2%),5782,
Android,Google Pixel 3a,(2%),5760,
Android,Xiaomi M2101K6P,(2%),5745,
Android,Samsung Galaxy S7 (Various Models),(2%),5740,
Android,Motorola one fusion,(2%),5736,
Android,Motorola moto g stylus (XT2115DL),(2%),5736,
Android,Xiaomi POCO X2,(2%),5715,
Android,Samsung SM-M405F,(2%),5698,
Android,Wheatek BV6300Pro,(2%),5697,
Android,Xiaomi M2101K7AG,(2%),5669,
Android,Xiaomi POCO X3 NFC,(2%),5663,
Android,HXY RP01,(2%),5660,
Android,Xiaomi 2201116TG,(2%),5659,
Android,Realme RMX1992,(2%),5653,
Android,Realme RMX1921,(2%),5650,
Android,DOOGEE S86Pro,(2%),5650,
Android,Asus ASUS_Z01KDA,(2%),5647,
Android,Realme RMP2102,(2%),5645,
Android,DOOGEE S88Pro,(2%),5639,
Android,Samsung SM-A920F,(2%),5634,
Android,Motorola moto z4,(2%),5633,
Android,Xiaomi Redmi Note 7 Pro,(2%),5629,
Android,Realme RMX1851,(2%),5627,
Android,Samsung SM-A325M,(2%),5627,
Android,Samsung SM-T545,(2%),5623,
Android,Xiaomi Mi 9 Lite,(2%),5621,
Android,Huawei JSN-L23,(2%),5618,
Android,Samsung Galaxy Tab S5e 10.5 (2019),(2%),5616,
Android,Huawei JDN2-W09,(2%),5615,
Android,Motorola one macro,(2%),5611,
Android,Vivo V2037,(2%),5604,
Android,Huawei JSN-L22,(2%),5598,
Android,Xiaomi M2101K7AI,(2%),5598,
Android,Xiaomi M2004J19PI,(2%),5595,
Android,Unihertz Jelly2,(2%),5594,
Android,Samsung SM-A225F,(2%),5588,
Android,Realme RMX1971,(2%),5581,
Android,Sony SOV36,(2%),5580,
Android,Realme RMX1901,(2%),5579,
Android,Huawei JSN-L21,(2%),5570,
Android,Huawei STK-LX1,(2%),5568,
Android,Xiaomi MI 8 SE,(2%),5567,
Android,Motorola moto g stylus (2022),(2%),5566,
Android,Ulefone Armor 8 Pro,(2%),5565,
Android,Google Pixel 3a XL,(2%),5563,
Android,Xiaomi M2101K6I,(2%),5562,
Android,Motorola moto g(40) fusion,(2%),5560,
Android,Realme RMX2020,(2%),5541,
Android,Huawei HRY-LX1,(2%),5539,
Android,Samsung Galaxy A70,(2%),5537,
Android,UMIDIGI Power 3,(2%),5537,
Android,motorola one action,(2%),5535,
Android,OPPO CPH2113,(2%),5524,
Android,A-gold F1,(2%),5523,
Android,Samsung SM-A315N,(2%),5521,
Android,Huawei MAR-LX1H,(2%),5516,
Android,Huawei HRY-LX1T,(2%),5507,
Android,Droi F2,(2%),5505,
Android,CUBOT X30,(2%),5502,
Android,HXY BISON Pro,(2%),5499,
Laptop,Intel Core i5-6200U @ 2.30GHz,(2%),5492,
Android,Huawei SNE-LX1,(2%),5491,
Android,Xiaomi M2004J19C,(2%),5487,
Android,Huawei STK-L22,(2%),5487,
Android,Motorola moto g(60),(2%),5486,
iOS,Apple iPad 7 (Cellular),(2%),5484,
Android,OPPO RMX1801,(2%),5476,
Android,Huawei POT-LX1,(2%),5474,
Android,Vivo V2109,(2%),5457,
Android,Huawei PAR-LX1,(2%),5456,
Android,Alldocube iPlay_40H,(2%),5451,
Android,Alldocube iPlay_40,(2%),5438,
iOS,Apple iPad 6 (WiFi),(2%),5434,
Android,DOOGEE N20Pro,(2%),5430,
Android,Realme RMX3491,(2%),5430,
Android,Realme RMX2040,(2%),5429,
Android,Huawei STK-LX3,(2%),5427,
Android,OPPO CPH2375,(2%),5424,
Android,Realme RMX3195,(2%),5420,
Android,Samsung Galaxy S6 Edge Plus (Various Models),(2%),5419,
Android,OPPO Reno2 F,(2%),5416,
Android,Xiaomi 220333QNY,(2%),5411,
Android,HXY A11 Pro Max,(2%),5409,
Android,Huawei MAR-LX3A,(2%),5407,
Android,Realme RMX3269,(2%),5398,
Android,Samsung SM-E225F,(2%),5396,
Android,Jumper EZpad M10,(2%),5395,
Android,Vivo 1804,(2%),5394,
Android,Realme RMX3171,(2%),5390,
Android,Xiaomi MI 8 Lite,(2%),5389,
Android,Xiaomi Redmi Note 7,(2%),5387,
Android,CHUWI HiPad X,(2%),5386,
Android,Samsung SM-M325F,(2%),5382,
Android,BLU G9 PRO,(2%),5381,
Android,A-gold BV9700Pro,(2%),5377,
Android,Xiaomi M2003J15SC,(2%),5368,
Android,Incar T40 Plus_ROW,(2%),5368,
iOS,Apple iPad 7 (WiFi),(2%),5365,
Android,Huawei MAR-LX1M,(2%),5363,
Android,Xiaomi 21061119BI,(2%),5362,
Android,Xiaomi 21061119DG,(2%),5359,
Android,HMD Global Nokia 7.2,(2%),5353,
Android,Realme RMX3191,(2%),5350,
Android,OPPO A91,(2%),5349,
Android,Incar T40 Pro_ROW,(2%),5339,
Android,TECLAST M40_EEA,(2%),5337,
Android,Samsung SM-M325FV,(2%),5335,
Android,Asus ZenFone Max Pro M2,(2%),5331,
Android,Lenovo TB125FU,(2%),5328,
Android,Xiaomi Redmi Note 7S,(2%),5320,
Android,Amazon KFTRPWI,(2%),5320,
Android,Samsung Galaxy S7 Edge (Various Models),(2%),5319,
Android,Samsung Galaxy S6 (Various Models),(2%),5317,
Android,Samsung SM-A705W,(2%),5317,
Laptop,Intel Core i5-3210M @ 2.50GHz,(2%),5305,
Android,Realme RMX2193,(2%),5302,
Android,SAMSUNG-SM-G890A,(2%),5293,
Android,Incar M40Pro_EEA,(2%),5290,
Android,CUBOT X20 PRO,(2%),5286,
Android,Huawei INE-LX2,(2%),5283,
Android,Xiaomi 21061119AG,(2%),5281,
Android,Google kukui,(2%),5274,
iOS,Apple iPad 6 (Cellular),(2%),5269,
Android,Huawei STK-L21,(2%),5267,
Android,Samsung SM-A315F,(2%),5263,
Android,OPPO CPH2333,(2%),5256,
Android,OPPO CPH1823,(2%),5253,
Android,HXY BISON,(2%),5251,
Android,Samsung SM-A235F,(2%),5251,
Android,Motorola one zoom,(2%),5246,
Android,TECLAST M40(N9H3),(2%),5244,
Android,Samsung Galaxy S6 Edge (Various Models),(2%),5230,
Android,Huawei INE-LX1,(2%),5227,
Android,TECLAST M40_ROW,(2%),5222,
Android,Samsung SM-X205,(2%),5221,
Android,Vivo 1915,(2%),5204,
Android,Blackview BV9800Pro,(2%),5202,
Android,Lechpol KM1070,(2%),5198,
Android,Amazon KFTRWI,(2%),5194,
Android,Samsung SM-X200,(2%),5192,
Android,Samsung SM-A325F,(2%),5190,
Android,OPPO CPH2001,(2%),5189,
Android,Samsung SM-A705MN,(2%),5187,
Android,Huawei MAR-LX1A,(2%),5182,
Android,Vivo 1951,(2%),5169,
Android,Huawei JKM-LX1,(2%),5168,
Android,Xiaomi Mi 9 SE,(2%),5168,
Android,Vivo 1819,(2%),5161,
Android,Motorola moto g52,(2%),5152,
Android,Ulefone Note 11P,(2%),5152,
Android,Google dedede,(2%),5148,
Android,Alldocube iPlay_30,(2%),5147,
Android,Samsung SM-A315G,(2%),5141,
Android,Samsung Galaxy Tab S2 9.7 (SM-T813),(2%),5136,
Android,Vivo 1806,(2%),5126,
Android,Huawei MAR-LX1B,(2%),5121,
Android,Samsung SM-A415F,(2%),5093,
Android,Motorola one vision,(2%),5040,
Laptop,Intel Core i5-5200U @ 2.20GHz,(2%),5039,
Android,Xiaomi 22011119UY,(2%),5038,
Android,Samsung SM-P610,(2%),5020,
Android,CHUWI HiPad Plus,(2%),5016,
Android,HMD Global Nokia 8.1,(2%),5014,
Android,OPPO CPH1819,(2%),5010,
Android,Asus ZenFone 5,(2%),4993,
Android,CHUWI HiPadX,(2%),4985,
Android,Huawei P9 (Various Models),(2%),4979,
Android,Realme RMX2027,(2%),4969,
Android,Cat S62 Pro,(2%),4961,
Android,Realme RMX3263,(2%),4960,
Android,Samsung SM-G715U1,(2%),4959,
iOS,Apple iPhone 7,(2%),4935,
Android,Huawei AGRK-W09,(2%),4923,
Android,Motorola moto e40,(2%),4908,
Android,Google jacuzzi,(2%),4901,
Android,HMD Global Nokia T20,(2%),4897,
Android,Xiaomi MI MAX 3,(2%),4894,
Android,OPPO CPH1969,(2%),4893,
Android,Vivo V2031,(2%),4890,
Android,Samsung SM-T505,(2%),4877,
Android,Asus ZenPad Z8s,(2%),4876,
Android,Samsung SM-T500,(2%),4862,
Android,Motorola moto g(20),(2%),4824,
Android,LGE LM-T600,(2%),4821,
Android,HMD Global Nokia 6.2,(2%),4814,
iOS,Apple iPhone 7 Plus,(2%),4808,
Android,Samsung SM-A505GN,(2%),4798,
Android,Asus ZenFone Max Pro M1,(2%),4792,
Android,Samsung SM-A035F,(2%),4791,
Android,Samsung SM-A515W,(2%),4787,
Android,Samsung Galaxy Tab S2 8.0 (SM-T713),(2%),4785,
Android,SHARP SHV41,(2%),4784,
Android,Samsung SM-M307F,(2%),4779,
Android,Samsung SM-S515DL,(2%),4777,
Android,HXY A9 Pro,(2%),4764,
Android,CUBOT C30,(2%),4758,
Android,Motorola One,(2%),4745,
Android,HMD Global Nokia 5.4,(2%),4744,
Android,Huawei AQM-LX1,(2%),4744,
Android,Google Pixel,(2%),4744,
Android,Samsung SM-A9000,(2%),4742,
Android,Vivo 1723,(2%),4732,
Android,Samsung SM-M215F,(2%),4724,
Android,Motorola moto g31(w),(2%),4723,
Android,HMD Global Nokia 7.1,(2%),4717,
Android,Samsung SM-F415F,(2%),4711,
Android,Xiaomi Redmi Note 6 Pro,(2%),4694,
Android,SHARP 605SH,(2%),4694,
Android,TCL T775H,(2%),4694,
Android,Realme RMX2030,(2%),4692,
Android,Samsung SM-P615,(2%),4685,
Android,Sony Xperia 10 II,(2%),4682,
Android,HMD Global Nokia 5.3,(2%),4681,
Android,CUBOT NOTE 20 PRO,(2%),4678,
Android,OPPO CPH1859,(2%),4675,
Android,Samsung SM-C900F,(2%),4675,
Android,HMD Global Nokia 6.1 Plus,(2%),4673,
Android,Samsung SM-M205M,(2%),4669,
Android,Google Pixelbook,(2%),4668,
Android,Motorola moto g(9) power,(2%),4667,
Android,Vivo V2036,(2%),4640,
Android,Samsung SM-A530F,(2%),4639,
Android,OPPO CPH1911,(2%),4622,
Android,Samsung SM-A515F,(2%),4621,
Android,Xiaomi Redmi Note 8T,(2%),4613,
Android,Yulong REVVLPLUS C3701A,(2%),4612,
Android,Asus ZenFone 3,(2%),4606,
Android,Xiaomi MI MAX 2,(2%),4606,
Android,Asus ASUS_Z012DC,(2%),4605,
Android,Motorola moto g power (2021),(2%),4602,
Android,HMD Global Nokia G21,(2%),4579,
Android,TCL 9296Q,(2%),4572,
Android,Samsung SM-G398FN,(2%),4570,
iOS,Apple iPad Air 2 (WiFi),(2%),4569,
Android,Samsung SM-A507FN,(2%),4567,
Android,Incar KingPad_K10,(2%),4563,
Android,Samsung SM-M317F,(2%),4558,
Android,Samsung SM-M127F,(2%),4555,
Android,Motorola moto g(6) plus,(2%),4550,
Android,Motorola moto g(9) play,(2%),4548,
Android,Motorola moto g(7) plus,(2%),4547,
Android,Samsung SM-T505N,(2%),4541,
Android,Samsung SM-T307U,(2%),4514,
Android,Samsung SM-M315F,(2%),4511,
Android,Xiaomi Mi A1,(2%),4510,
Android,Samsung SM-P205,(2%),4509,
iOS,Apple iPad Air 2 (Cellular),(2%),4507,
Android,Xiaomi Redmi Note 5,(2%),4503,
Android,Samsung SM-A305G,(2%),4499,
Android,Xiaomi Mi A3,(2%),4498,
Android,Motorola moto g stylus,(2%),4498,
Android,Vivo 1920,(2%),4495,
Android,Samsung SM-A127F,(2%),4494,
iOS,Apple iPad 5 (WiFi),(2%),4477,
Android,QUALCOMM msm8953 for arm64,(2%),4473,
Android,TCL T770B,(2%),4469,
Android,Realme RMX1911,(2%),4466,
Android,Motorola moto g(30),(2%),4464,
Android,Samsung SM-A750GN,(2%),4464,
iOS,Apple iPad Pro 9.7 (Cellular),(2%),4458,
Android,Motorola moto g(8),(2%),4457,
Android,Samsung SM-A750FN,(2%),4457,
Android,Samsung SM-A515U,(2%),4453,
Android,Motorola moto g power (XT2041DL),(2%),4452,
Android,Motorola moto g(8) plus,(2%),4450,
Android,Xiaomi 220333QAG,(2%),4445,
Android,Samsung SM-A505W,(2%),4443,
Android,Xiaomi Redmi 5 Plus,(2%),4439,
Android,Samsung SM-A520W,(2%),4439,
Android,Xiaomi M2010J19SG,(2%),4429,
Android,Blackview BV8000Pro,(2%),4424,
iOS,Apple iPad Pro 9.7 (WiFi),(2%),4418,
Android,Xiaomi Mi A2,(2%),4417,
Android,Xiaomi Redmi Note 4,(2%),4408,
Android,Vivo V2028,(2%),4405,
Android,Google Pixel XL,(2%),4399,
Android,Asus ASUS_A001D,(2%),4392,
Android,Samsung SM-A305GT,(2%),4391,
Android,Xiaomi Redmi Note 8,(2%),4391,
Android,LGE LG-H870DS,(2%),4391,
Android,HONOR NTN-LX1,(2%),4387,
Android,Xiaomi M2010J19SI,(2%),4386,
Android,Google rammus,(2%),4369,
Android,OPPO A9 2020,(2%),4366,
Android,Samsung SM-S205DL,(2%),4363,
Android,Sony I4113,(2%),4361,
Android,Samsung SM-A307GT,(2%),4359,
Android,Xiaomi M2010J19SY,(2%),4356,
Android,Samsung SM-A307FN,(2%),4356,
Android,Xiaomi Mi A2 Lite,(2%),4347,
Android,Motorola Moto Z3 Play,(2%),4345,
Android,TCL 5062Z,(2%),4340,
Android,Samsung Galaxy A50,(2%),4337,
Android,Samsung SM-A205U,(2%),4331,
Android,Lenovo TB-J606F,(2%),4331,
Android,Xiaomi M2010J19CG,(2%),4325,
Android,Samsung SM-A217F,(2%),4316,
Android,Motorola moto g power,(2%),4314,
Android,Samsung SM-G715FN,(2%),4314,
iOS,Apple iPad 5 (Cellular),(2%),4312,
Android,Samsung SM-A127M,(2%),4310,
Android,HMD Global Nokia G11,(2%),4308,
Android,Motorola moto x4,(2%),4303,
Android,Samsung Galaxy Note 5 (Various Models),(2%),4302,
Android,Samsung SM-A405FN,(2%),4296,
iOS,Apple iPad Pro 12.9 (WiFi),(2%),4295,
Android,Vivo V2027,(2%),4295,
Android,Motorola moto g fast,(2%),4293,
Android,Samsung SM-A520F,(2%),4292,
Android,OPPO CPH1607,(2%),4290,
Android,Xiaomi M2010J19CI,(2%),4286,
Android,Samsung SM-A750F,(2%),4275,
Android,Fairphone FP3,(2%),4270,
Android,Samsung SM-A305F,(2%),4267,
Android,Samsung SM-A750G,(2%),4253,
Android,LGE LM-Q850,(2%),4252,
Android,Motorola moto g(7) supra,(2%),4251,
Android,HMD Global Nokia 5.1 Plus,(2%),4249,
Android,Samsung SM-G525F,(2%),4248,
Android,Motorola moto e(7) plus,(2%),4244,
Android,Samsung SM-A307GN,(2%),4244,
Android,LGE G6 (Various Models),(2%),4235,
Android,OPPO CPH2099,(2%),4234,
Android,Samsung SM-M205F,(2%),4233,
Android,HMD Global Nokia 6.1,(2%),4224,
Android,Motorola moto g(10),(2%),4222,
Android,Xiaomi Redmi 4,(2%),4206,
Android,Xiaomi Redmi Note 5 Pro,(2%),4205,
Android,OPPO CPH2219,(2%),4204,
Android,Motorola moto g play (XT2093DL),(2%),4201,
Android,OPPO CPH1931,(2%),4192,
Android,Huawei LND-L29,(2%),4190,
Android,OPPO CPH1801,(2%),4186,
Android,Motorola moto g(7) optimo maxx(XT1955DL),(2%),4185,
Android,HMD Global Nokia 3.4,(2%),4168,
Android,OPPO CPH2349,(2%),4165,
Android,Motorola moto g22,(2%),4164,
Android,OPPO CPH2069,(2%),4162,
Android,Samsung SM-A207M,(2%),4161,
Android,OPPO CPH2239,(2%),4154,
Android,Motorola moto g(7) power,(2%),4154,
Android,OPPO CPH2067,(2%),4144,
Android,Vivo V2029,(2%),4138,
Android,Xiaomi M2010J19SL,(2%),4136,
Android,Samsung SM-A125M,(2%),4133,
Android,OPPO CPH2059,(2%),4132,
Android,Samsung SM-A207F,(2%),4124,
Android,OUKITEL C21,(2%),4120,
Android,Google zork,(2%),4114,
Android,TCL T671E,(2%),4111,
Android,OPPO CPH1937,(2%),4109,
Android,Motorola moto g power (2022),(2%),4108,
Android,KYOCERA E6910,(2%),4107,
Android,Samsung SM-M305F,(2%),4103,
iOS,Apple iPad Pro 12.9 (Cellular),(2%),4100,
Android,Samsung SM-A217M,(2%),4100,
Android,Motorola moto g play (2021),(2%),4097,
Android,Cat S52,(2%),4092,
iOS,Apple iPhone SE,(2%),4090,
Android,HTC U Ultra,(2%),4084,
Android,Logicom Le_Connect,(2%),4081,
Android,Huawei ANE-LX3,(2%),4075,
Android,Asus ZenFone Max M2,(2%),4068,
iOS,Apple iPod Touch G7,(2%),4067,
Android,Motorola moto g(8) power,(2%),4065,
iOS,Apple iPhone 6S,(2%),4061,
Android,Huawei AGS2-W09,(2%),4059,
Android,Lenovo TB-8506F,(2%),4055,
Android,Realme RMX2180,(2%),4040,
Android,OnePlus BE2013,(2%),4036,
Android,Xiaomi Redmi 7,(2%),4034,
Android,Lenovo TB-X306X,(2%),4034,
Android,OPPO CPH2013,(2%),4030,
Android,LENOVO K8 Plus,(2%),4030,
Android,Huawei BAH2-L09,(2%),4029,
Android,Samsung SM-A202F,(2%),4025,
Android,Huawei AGS2-L09,(2%),4024,
Android,Xiaomi 2201117TL,(2%),4020,
Android,Xiaomi 2201117TG,(2%),4016,
Android,OPPO CPH2269,(2%),4007,
Android,OPPO CPH2095,(2%),4006,
Android,LGE LM-Q630,(2%),4000,
Android,LENOVO YT-X705F,(2%),4000,
Android,LENOVO TB-X306F,(2%),3999,
iOS,Apple iPhone 6S Plus,(2%),3998,
Android,Huawei LLD-L31,(2%),3992,
Android,Google FydeOS Android,(2%),3989,
Android,Xiaomi Redmi 8,(2%),3989,
Android,LENOVO YT-X703F,(2%),3989,
Android,OPPO CPH2061,(2%),3987,
Android,Samsung SM-A205G,(2%),3984,
Android,OnePlus BE2011,(2%),3984,
Android,Huawei ANE-LX1,(2%),3984,
Android,Samsung SM-A215U,(2%),3974,
Android,Realme RMX1821,(2%),3974,
Android,Huawei LLD-AL20,(2%),3968,
Android,HMD Global Nokia 4.2,(2%),3966,
Android,Elephone S8,(2%),3963,
Android,Realme RMX2185,(2%),3947,
Android,Blackview A80Pro,(2%),3946,
Android,OnePlus 3 (A3000),(2%),3942,
Android,Motorola moto g(7),(2%),3928,
Android,OnePlus BE2015,(2%),3919,
Android,OPPO CPH2127,(2%),3918,
Android,OPPO CPH2135,(1%),3914,
Android,Samsung SM-S215DL,(1%),3900,
Android,Android 001,(1%),3893,
Android,Vivo V2111,(1%),3893,
Android,HMD Global Nokia G20,(1%),3891,
Android,OPPO CPH2083,(1%),3888,
Android,OPPO CPH2325,(1%),3886,
Android,Samsung SM-A125U,(1%),3886,
Android,Kruger_Matz KM1069,(1%),3882,
Android,Samsung SM-A205F,(1%),3882,
Android,Xiaomi 2201117TI,(1%),3870,
Android,Sony F5321,(1%),3870,
Android,Sprd ums512_1h10_Natv,(1%),3864,
Android,Huawei BAH2-W19,(1%),3859,
Android,Vivo V2043,(1%),3858,
Android,Lenovo TB-X606F,(1%),3841,
Android,Huawei RNE-L22,(1%),3838,
Android,Realme RMX1825,(1%),3837,
Android,LGE LG-H873,(1%),3820,
Android,Google Chromebox Reference,(1%),3809,
Android,OPPO CPH2185,(1%),3804,
Android,DOOGEE MIX,(1%),3801,
Android,Xiaomi 2201117TY,(1%),3792,
Android,Vivo V2043_21,(1%),3778,
Android,HUAWEI GRA-L09,(1%),3773,
Android,Huawei DUB-LX3,(1%),3772,
Android,Samsung SM-A125F,(1%),3772,
Android,Samsung SM-A205W,(1%),3771,
Android,Vivo V2026,(1%),3769,
Android,Motorola one power,(1%),3767,
Android,Huawei FIG-LX1,(1%),3765,
Android,OPPO CPH2273,(1%),3741,
Android,Samsung SM-A720F,(1%),3736,
Android,Motorola Moto Z (XT1650),(1%),3727,
Android,Xiaomi Redmi 5,(1%),3723,
Android,Sony E6653,(1%),3722,
Android,Lenovo TB-X606X,(1%),3720,
Android,Samsung SM-A037W,(1%),3708,
Android,OPPO CPH1933,(1%),3697,
Android,Motorola moto g(10) power,(1%),3695,
Android,TCL A509DL,(1%),3692,
Android,Samsung SM-A037F,(1%),3685,
Android,Realme RMX2103,(1%),3680,
Android,NVIDIA Switch,(1%),3675,
Android,Vivo V2023,(1%),3675,
Android,NVIDIA SHIELD Android TV,(1%),3660,
Android,OPPO CPH1909,(1%),3659,
Android,Samsung SM-A037U,(1%),3654,
Android,Samsung SM-T227U,(1%),3636,
Android,Samsung SM-T225N,(1%),3608,
Android,BLU G5,(1%),3604,
Android,Huawei P8 Lite,(1%),3603,
Android,LGE LM-Q720,(1%),3597,
Android,Huawei BND-AL10,(1%),3595,
Android,Onn 100003562,(1%),3592,
Android,Huawei RNE-L21,(1%),3590,
Android,LENOVO TB-8705F,(1%),3589,
Android,Motorola moto g(8) power lite,(1%),3586,
Android,Samsung SM-T225,(1%),3586,
Android,Samsung SM-T220,(1%),3585,
Android,Vivo 1906,(1%),3583,
Android,Realme RMX2189,(1%),3581,
Android,Realme RMX1831,(1%),3570,
Android,Huawei WAS-LX1,(1%),3555,
Android,Samsung SM-M127G,(1%),3553,
Android,VANKYO S30,(1%),3542,
Android,Ulefone Note 9P,(1%),3534,
Android,BLU B140DL,(1%),3527,
Android,Huawei WAS-LX1A,(1%),3526,
Android,Mara Phones Z1,(1%),3521,
Android,Wheatek Tab 10,(1%),3515,
Android,Vivo 1902,(1%),3513,
Android,Wingtech WTVIS01,(1%),3508,
Android,OPPO A31,(1%),3493,
Android,OPPO A57,(1%),3486,
Android,Onn 100003561,(1%),3467,
Android,Wingtech TMRVL4G,(1%),3460,
Android,LGE LM-Q730,(1%),3459,
Android,Samsung Galaxy Tab S3 9.7 (SM-T820),(1%),3455,
Android,Samsung SM-S134DL,(1%),3453,
Android,Vivo 1820,(1%),3447,
Android,HMD Global Nokia 5,(1%),3431,
Android,OPPO CPH1609,(1%),3430,
Android,Huawei Honor 6X (Various Models),(1%),3419,
Android,Realme RMX1827,(1%),3388,
Android,Blackview BV4900Pro,(1%),3387,
Android,HMD Global Nokia 6 (Various Models),(1%),3375,
Android,Xiaomi Redmi Note 3,(1%),3362,
Android,Rockchip rk3399-mid,(1%),3326,
Android,Teclast P20HD_EEA,(1%),3306,
Android,UMIDIGI A5_Pro,(1%),3297,
Android,OUKITEL WP5 Pro,(1%),3276,
Android,Ulefone Note 12P,(1%),3269,
Android,Blackview Tab8,(1%),3262,
Android,Samsung Galaxy S7 Edge Duos,(1%),3256,
Android,Xiaomi Redmi 3S,(1%),3256,
Android,Realme RMX3201,(1%),3251,
Android,ZTE K88,(1%),3231,
Android,Xiaomi Redmi 4X,(1%),3221,
Android,vivo 1904,(1%),3219,
Android,LeEco LEX820,(1%),3215,
Android,OPPO CPH1701,(1%),3215,
Android,UMIDIGI A7 Pro,(1%),3208,
Android,Rockchip NEO_X39,(1%),3206,
Android,Ulefone Armor X8,(1%),3197,
Android,LGE G5 (Various Models),(1%),3173,
Android,Google octopus,(1%),3172,
Android,FortunaPix OneLernDB010,(1%),3171,
Android,Realme RMX1941,(1%),3145,
Android,Asus ASUS_X018D,(1%),3122,
Android,Samsung Galaxy S7 Active (Various Models),(1%),3113,
Android,Huawei KIW-L21,(1%),3101,
Android,LGE LGM-G600L,(1%),3097,
Android,OPPO A1601,(1%),3093,
Android,LGE G4 (Various Models),(1%),3085,
Android,LGE V10 (Various Models),(1%),3085,
Android,Skyworth MEP2Q421G,(1%),3055,
Android,Huawei BAH-W09,(1%),3052,
Android,ZTE Z981,(1%),3023,
Android,Samsung SM-T825,(1%),3013,
Android,OPPO CPH1803,(1%),3011,
Android,LGE LG-F800S,(1%),2999,
Android,vivo 1901,(1%),2934,
iOS,Apple iPad Mini 4 (WiFi),(1%),2922,
Android,Getac ZX10,(1%),2896,
iOS,Apple iPad Mini 4 (Cellular),(1%),2893,
Android,vivo 1601,(1%),2889,
Android,Huawei LDN-L21,(1%),2880,
Android,HTC 10 (Various Models),(1%),2874,
Android,Motorola moto e(6) plus,(1%),2843,
Android,Rockchip rk3399-all,(1%),2838,
Android,Sony F8131,(1%),2821,
Android,LGE V20 (Various Models),(1%),2817,
Android,Google Mediatek MT8173 Chromebook,(1%),2812,
Android,Asus ASUS_X00PD,(1%),2802,
Android,OPPO RMX1805,(1%),2776,
Android,Rockchip rk3399-Android10,(1%),2762,
Android,Sony F8331,(1%),2744,
Android,Alps R8,(1%),2724,
Android,Incar SPRD_android11,(1%),2701,
Android,Siragon SP-6200,(1%),2678,
Android,Motorola moto e(7) power,(1%),2643,
Android,Lenovo TB-X505X,(1%),2565,
Android,LENOVO TB-X505L,(1%),2564,
Android,HTC One M9,(1%),2541,
Android,JOYAR 100011886,(1%),2524,
Android,Lenovo YT3-X90F,(1%),2476,
Android,Positivo T810,(1%),2438,
Android,LENOVO TB-X505F,(1%),2438,
Android,Xiaomi Mi Note 2,(1%),2432,
Android,Asus ASUS_X00RD,(1%),2390,
Android,Xiaomi MI 5,(1%),2374,
Android,LENOVO TB-8505F,(1%),2372,
Android,Htc Nexus 9,(1%),2359,
Android,Huawei LDN-TL10,(1%),2352,
Android,Samsung Galaxy Tab A 8.0 (2019),(1%),2337,
Android,Lenovo TAB 2 A10-70F,(1%),2315,
Android,OnePlus One (A0001),(1%),2275,
Android,Lenovo TB-8505FS,(1%),2259,
Android,Xiaomi Redmi Note 5A,(1%),2247,
Android,Blackberry STV100-1,(1%),2245,
Android,Blackview BV4900,(1%),2229,
Android,OUKITEL WP5,(1%),2135,
Android,Samsung SM-T295,(1%),2095,
Android,Alps aiot8365p4_64_bsp,(1%),2067,
Android,BLU M8L Plus,(1%),2029,
Android,Rockchip H96_Max_RK3566,(1%),1962,
Android,Motorola moto e6s,(1%),1959,
Android,Rockchip px5,(0%),1956,
Android,HUAWEI TIT-L01,(0%),1951,
Android,Xiaomi Redmi 4A,(0%),1889,
Android,Huawei AGS-W09,(0%),1884,
Android,HMD Global Nokia 2.2,(0%),1871,
Android,LENOVO TB-8505X,(0%),1866,
Android,Umx U693CL,(0%),1828,
Android,Huawei AGS-L09,(0%),1827,
Android,Huawei ATU-L31,(0%),1825,
Android,Huawei AGS-L03,(0%),1802,
Android,Xiaomi Redmi 5A,(0%),1801,
Android,Google grunt,(0%),1780,
Android,Huawei ATU-L21,(0%),1776,
Android,Lenovo TB-X304F,(0%),1757,
Android,Motorola moto e(7),(0%),1750,
Android,Blackview BV6000S,(0%),1701,
Android,Maxwest Nitro 8,(0%),1687,
Android,Huawei ALE-L21,(0%),1591,
Android,LENOVO TB-7304F,(0%),1577,
Android,Xiaomi Redmi S2,(0%),1498,
Android,Lenovo TB-8304F1,(0%),1460,
Android,Google coral,(0%),1433,
Android,TECLAST P80_EEA,(0%),1432,
Android,Samsung SM-A136U,(0%),1399,
Android,Xiaomi Redmi 7A,(0%),1360,
Android,Samsung SM-J600FN,(0%),1355,
Android,Motorola moto g(7) play,(0%),1300,
Android,Asus ZenFone 2,(0%),1291,
Android,NUU N4L,(0%),1265,
Android,Motorola moto g(8) play,(0%),1224,
Android,Motorola Moto G (5S) Plus,(0%),1223,
Android,Samsung SM-A137F,(0%),1218,
Android,Motorola moto g(6),(0%),1200,
Android,Samsung SM-A105FN,(0%),1186,
Android,Raspberry Pi 4,(0%),1162,
Android,Google Acer Chromebook R11 (CB5-132T C738T),(0%),1152,
Android,Amazon KFMAWI,(0%),1139,
Android,Motorola Moto G (5),(0%),1129,
Android,Motorola moto e,(0%),1079,
Android,Motorola moto e (XT2052DL),(0%),1078,
Android,LENOVO P1050X,(0%),1057,
Android,Motorola Moto Z2 Play,(0%),1044,
Android,Samsung SM-N915S,(0%),1026,
Android,Xiaomi M2006C3MG,(0%),1009,
Android,Xiaomi M2006C3MNG,(0%),977,
Android,Xiaomi Redmi Y2,(0%),976,
Android,PerseOS Fivestars-Pegasus,(0%),969,
Android,Motorola Moto Z Play (Various Models),(0%),967,
Android,Samsung Galaxy Tab A 10.1 (2019),(0%),966,
Android,Xiaomi M2006C3MI,(0%),948,
Android,Motorola Moto G (5) Plus,(0%),947,
Android,Xiaomi M2006C3MII,(0%),944,
Android,Motorola moto e20,(0%),939,
Android,Samsung SM-T815,(0%),928,
Android,Samsung SM-S111DL,(0%),918,
Android,Samsung SM-A025F,(0%),904,
Android,Samsung SM-A115F,(0%),901,
Android,Samsung SM-A605GN,(0%),896,
Android,Samsung SM-T810,(0%),894,
Android,LGE LG-H840,(0%),893,
Android,LGE LGL355DL,(0%),892,
Android,Samsung SM-A115A,(0%),892,
Android,LGE LM-K300,(0%),892,
Android,Samsung SM-A115M,(0%),891,
Android,Samsung SM-J730F,(0%),890,
Android,LGE LM-K420,(0%),887,
Android,Samsung SM-J810M,(0%),885,
Android,Samsung SM-M115F,(0%),885,
Android,Xiaomi M2006C3LII,(0%),883,
Android,Samsung SM-A605F,(0%),883,
Android,Xiaomi M2006C3LI,(0%),882,
Android,Xiaomi M2006C3LVG,(0%),881,
Android,Xiaomi M2006C3LG,(0%),870,
Android,LGE LM-Q710(FGN),(0%),870,
Android,Samsung SM-A605FN,(0%),870,
Android,Huawei KOB2-W09,(0%),864,
Android,Motorola moto g pure,(0%),858,
Android,LGE LM-K410,(0%),856,
Android,Xiaomi Redmi 8A,(0%),855,
Android,Samsung SM-A015F,(0%),851,
Android,HMD Global Nokia 2.4,(0%),847,
Android,Samsung SM-A107M,(0%),844,
Android,Samsung SM-A107F,(0%),843,
Android,Samsung SM-A105F,(0%),843,
Android,LGE LM-X430,(0%),841,
Android,Samsung SM-J600GT,(0%),840,
Android,Samsung SM-G615F,(0%),837,
Android,Samsung SM-S124DL,(0%),834,
Android,Xiaomi Redmi 6,(0%),834,
Android,Samsung SM-S102DL,(0%),831,
Android,Samsung SM-M025F,(0%),826,
Android,Samsung Galaxy Tab A 10.5 (2018),(0%),819,
Android,Samsung SM-A025U,(0%),809,
Android,Samsung SM-A015M,(0%),809,
Android,Motorola moto e(7i) power,(0%),808,
Android,Samsung SM-J530F,(0%),807,
Android,Samsung SM-J730G,(0%),806,
Android,Samsung SM-G610M,(0%),806,
Android,Samsung SM-T710,(0%),805,
Android,ZTE Blade A31RU,(0%),802,
Android,Samsung SM-A102U,(0%),802,
Android,Samsung Galaxy Note 4 (SM-N910C),(0%),800,
Android,Samsung SM-M105F,(0%),797,
Android,Samsung SM-A510F,(0%),795,
Android,Samsung SM-A320FL,(0%),792,
Android,Motorola moto g(6) play,(0%),785,
Android,LGE LM-Q710.FG,(0%),783,
Android,Alps YT5760B,(0%),782,
Android,LGE LM-X420,(0%),780,
Android,Samsung SM-A032F,(0%),776,
Android,Samsung SM-G903F,(0%),775,
Android,LGE LM-K500,(0%),774,
Android,NVIDIA SHIELD Tablet K1,(0%),774,
Android,Xiaomi Redmi 8A Dual,(0%),774,
Android,Samsung SM-J727T1,(0%),771,
Android,NVIDIA SHIELD Tablet,(0%),766,
Android,Samsung Galaxy Tab A 10.1 (2016),(0%),766,
Android,HMD Global Nokia C01 Plus,(0%),765,
Android,Samsung SM-A510M,(0%),761,
Android,Samsung SM-M105M,(0%),753,
Android,Realme RMX3231,(0%),752,
Android,Samsung SM-J710F,(0%),750,
Android,Samsung SM-P585,(0%),735,
Android,Samsung SM-G610F,(0%),721,
Android,Samsung SM-A600FN,(0%),718,
Android,Google Dell Chromebook 11 (3180),(0%),695,
Android,Samsung SM-J701F,(0%),693,
Android,Samsung SM-G903W,(0%),663,
Android,Motorola moto e6 (XT2005DL),(0%),659,
Android,Motorola moto e6,(0%),659,
Android,Samsung SM-G900W8,(0%),627,
Android,LGE LG-M250,(0%),575,
Android,Samsung Galaxy Tab S 10.5 (SM-T800),(0%),571,
Android,Samsung Galaxy Note 10.1 2014 Edition (SM-P600),(0%),570,
Android,Samsung Galaxy Note 3 (SM-N9005),(0%),559,
Android,Samsung SM-T705,(0%),554,
Android,Motorola Moto G (4),(0%),542,
Android,LGE LG-M700,(0%),534,
Android,Samsung Galaxy Note 10.1 2014 (SM-P605),(0%),527,
Android,LGE LG-D851,(0%),515,
Android,Samsung SM-N910F,(0%),515,
Android,Droidlogic A95XF4,(0%),511,
Android,Amazon KFONWI,(0%),482,
Android,Motorola Nexus 6,(0%),482,
Android,Samsung SM-G900F,(0%),481,
Android,Rockchip rk3288,(0%),477,
Android,Huawei MRD-LX1,(0%),473,
Android,Huawei KSA-LX9,(0%),467,
Android,ZTE Z5157V,(0%),463,
Android,ZTE Z6201V,(0%),463,
Android,LGE LG-D855,(0%),461,
Android,Xiaomi Redmi 6A,(0%),450,
Android,HMD Global Nokia 2.3,(0%),444,
Android,Samsung Galaxy S4 (Various Models),(0%),443,
Android,Huawei MRD-LX2,(0%),438,
Android,Amlogic H96 Max X3,(0%),427,
Android,Asus Nexus 7,(0%),401,
Android,SAMSUNG-SM-N910A,(0%),378,
Android,Samsung SM-A310F,(0%),373,
Android,LGE LGL322DL,(0%),360,
Android,Samsung SM-J330F,(0%),356,
Android,Positivo Twist Tab,(0%),354,
Android,Samsung SM-J610FN,(0%),352,
Android,Motorola MotoG3,(0%),352,
Android,Amazon KFKAWI,(0%),341,
Android,Samsung SM-A013G,(0%),340,
Android,Samsung SM-A022M,(0%),337,
Android,Samsung SM-J400F,(0%),335,
Android,MAGNUMTECH MG715,(0%),334,
Android,Samsung SM-M022G,(0%),333,
Android,LGE VS501,(0%),332,
Android,Samsung SM-J330FN,(0%),329,
Android,Motorola moto e6 play,(0%),324,
Android,Motorola Moto E (4) Plus,(0%),320,
Android,Google MBOX,(0%),315,
Android,Samsung SM-J250F,(0%),314,
Android,Samsung SM-S260DL,(0%),313,
Android,ZTE K87CA,(0%),311,
Android,Samsung SM-A022F,(0%),308,
Android,Samsung SM-G600FY,(0%),304,
Android,Samsung SM-T560NU,(0%),299,
Android,Samsung SM-J610G,(0%),299,
Android,DEXP A440,(0%),297,
Android,Samsung Galaxy Tab A 8.0 (2015),(0%),296,
Android,Samsung Galaxy Tab A 8.0 (2017),(0%),292,
Android,Samsung SM-J415FN,(0%),289,
Android,Qlink Scepter 8 Tablet,(0%),282,
Android,LENOVO TB-X103F,(0%),282,
Android,Samsung SM-J510FN,(0%),278,
Android,LGE LM-X210,(0%),275,
Android,Positivo Twist 4 Fit,(0%),275,
Android,Samsung Galaxy Tab A 9.7 (2015),(0%),265,
